type,id,field,value
category,1,name,"Rarezas espaciales"
category,2,name,"Viajes Astro"
category,3,name,"Ciencia extraña"
tag,1,name,espacio
tag,2,name,comida
tag,3,name,mercurio
tag,4,name,viaje
tag,5,name,ciencia
tag,6,name,tiempo
article,1,title,"Por qué los asteroides saben a tocino"
article,1,content,"Suena como el sueño febril de un chef de ciencia ficción: **asteroides que saben a tocino**. Pero esta sabrosa historia no es solo una fantasía espacial — tiene raíces en la ciencia real, con un chisporroteo de imaginación.

## La química cósmica del sabor

Empecemos con una verdad sorprendente del cosmos: muchos asteroides — en particular las **condritas carbonáceas** — contienen **compuestos orgánicos**, incluidos **aminoácidos** e **hidrocarburos aromáticos policíclicos (HAP)**. Estas moléculas complejas son los ladrillos de la vida... y también del delicioso dorado que ocurre cuando sellas un filete.

¿Has oído hablar de la **reacción de Maillard**? Es lo que le da al tocino su sabor y aroma irresistibles. También es el resultado de aminoácidos que reaccionan con azúcares a alta temperatura — una danza molecular que produce sabores salados y ahumados. Adivina qué: **algunas de las mismas moléculas creadas por la reacción de Maillard se encuentran en las rocas espaciales.**

## La NASA dice: olfatea antes de morder

De hecho, astronautas y científicos que analizan meteoritos han señalado que estas rocas **huelen a humo, como a barbacoa o a gases de soldadura**. Una cita famosa proviene del astroquímico de la NASA Dr. Max Bernstein, quien describió el aroma de ciertas muestras como **«un poco como el tocino»**.

Así que, aunque nadie esté encendiendo la barbacoa en la Luna todavía, los precursores de los aromas cárnicos flotan por el sistema solar — adheridos a los restos rocosos de la formación planetaria.

## ¿Desayuno interestelar? Tal vez no todavía

Antes de que te entusiasmes demasiado con bocadillos espaciales sabor tocino, unas advertencias:

- **No pruebes los asteroides** (a menos que seas un robot).
- El olor a tocino proviene de compuestos químicos que no son exactamente comestibles — a menos que tu idea de brunch incluya formaldehído y amoníaco.
- No hay informes (todavía) de tiras crujientes flotando en el cinturón de asteroides.

## Aun así, es bastante asombroso

De alguna manera, resulta reconfortante saber que el universo comparte nuestro gusto por lo salado. Del siseo de una sartén al siseo de una cápsula de reentrada, **el tocino y el espacio pueden tener más en común de lo que pensamos**.

La próxima vez que disfrutes un buen desayuno, levanta un tenedor hacia las estrellas — y brinda por la ciencia ahumada y chispeante del universo.

---

**TL;DR:** Algunos asteroides contienen moléculas similares a las que se crean al cocinar tocino. Huelen a humo y a carne debido a compuestos orgánicos, de ahí la curiosa idea de que **los asteroides saben a tocino**.

---

*Advertencia: Por favor no lamas meteoritos. Tus papilas (y tu médico) te lo agradecerán.*"
article,2,title,"La vida en el planeta Mercurio: bronceada, relajada y fabulosa"
article,2,content,"Pasa de largo Marte. Olvida Venus. Si buscas el **destino cósmico definitivo**, hay un nuevo (extremadamente caliente) lugar en el mapa: **el planeta Mercurio** — donde el sol siempre brilla, las líneas de bronceado son de otro mundo y «fabuloso» adquiere una nueva temperatura.

## ☀️ El resort solar definitivo

Mercurio es el **planeta más cercano al Sol**, lo que lo convierte en el lugar perfecto para conseguir ese bronceado espacial profundo con el que siempre soñaste — siempre que tu definición de «bronceado» incluya *metales que se funden y combustión espontánea*. Con temperaturas diurnas que alcanzan **800°F (430°C)**, no necesitarás protector solar — necesitarás un **exotraje resistente al calor y una actitud ignífuga**.

## 💤 Sin atmósfera, sin problemas

¿Harto del mal tiempo terrestre? Mercurio no tiene **atmósfera** que arruine tu pelo, tus planes o tu vibra. Sin viento, sin lluvia, sin nubes — solo glamour solar puro y sin filtros. Por supuesto, eso también significa **sin oxígeno**, pero ¿quién necesita respirar cuando eres tan fabuloso?

(Respuesta: lo necesitas. Lleva un casco espacial.)

## 🌓 Dos veces el día, dos veces el drama

Un día en Mercurio (desde un amanecer hasta el siguiente) dura **176 días terrestres**. Eso significa un largo periodo diurno *bañado por el sol* seguido por una noche igual de larga y **gélida** (hasta -290°F / -180°C — una excelente excusa para sacar tus botas térmicas con brillo).

Bonus: Mercurio gira tan despacio que literalmente puedes ver al sol salir, detenerse, retroceder y luego volver a salir. Es una entrada dramática digna de un culebrón celestial.

## 💃 Consejos de moda para Mercurio

- **Ropa de día:** Trajes cromados reflectantes con capas absorbentes de UV.
- **Ropa de noche:** Trajes triple capa con accesorios luminosos.
- **Calzado:** Botas resistentes a meteoritos (suela de lava opcional).
- **Accesorio imprescindible:** Una visera chapada en oro (porque eres TAN extra).

## 🪐 Hablando en serio: ¿se puede vivir allí?

Seamos honestos. Mercurio no es **habitable** según criterios humanos. Sin atmósfera, sin agua, enormes variaciones de temperatura y radiación intensa. Pero bueno — esto es un experimento mental envuelto en un desfile de moda solar. Si **pudieras** vivir allí, sería seguramente por la **estética**.

## 🌟 Últimas reflexiones: caliente, peligroso y chic

¿La vida en Mercurio? No es solo sobrevivir — es un estilo de vida solar y extravagante. Sí, podrías carbonizarte o congelarte en unas horas, pero lo harías con estilo.

La próxima vez que planees tus sueños interplanetarios, no ignores Mercurio. Lleva un muy buen sombrero. Y quizá una nave espacial con aire acondicionado.

---

**TL;DR:** Mercurio no es un lugar de vacaciones. Imaginarlo como un paraíso solar y con estilo es más divertido que hablar de hierro fundido y radiación mortal. Bronceado, relajante y fabuloso — hasta evaporarte.

---

*Advertencia: Mercurio no es un spa. Efectos secundarios: insolación extrema, muerte por exposición al vacío y vaporización espontánea. Viaja con responsabilidad.*"
article,3,title,"Viajar a la velocidad de la luz: ¿Fuente de juventud o falacia?"
article,3,content,"Es un clásico de la ciencia ficción: sube a una nave, alcanza la velocidad de la luz y recorre la galaxia envejeciendo apenas un día. Mientras tanto, todos en la Tierra envejecen, pagan impuestos y olvidan tu contraseña de Netflix.

¿Pero es este adelanto temporal una **fuente de juventud** o solo una **ilusión relativista**? Vamos a sumergirnos en la física extraña y fascinante de la velocidad de la luz y lo que realmente significa para el envejecimiento.

## 🧠 Dilatación del tiempo: el truco raro de Einstein

La idea proviene de la teoría de la **relatividad especial** de Einstein, que dice: cuanto más rápido te mueves por el espacio, más despacio te mueves por el tiempo — al menos desde la perspectiva de un observador en reposo. Este fenómeno se llama **dilatación del tiempo**.

Así que si viajas cerca de la velocidad de la luz, teóricamente podrías hacer un viaje de ida y vuelta y experimentar solo unos años, mientras para otros pasan **décadas**.

Suena a antienvejecimiento, ¿verdad? Bueno… en parte.

## 👵 ¿Realmente te vuelves más joven?

No exactamente. La velocidad de la luz no **revierte** el envejecimiento — simplemente **ralentiza** tu experiencia del tiempo respecto a los demás. Tu cuerpo sigue envejeciendo según tu propio marco de referencia. No volverás a ser adolescente. No te sentirás más joven. Pero al regresar, puede que hayas superado a todo tu grupo de amigos. (Incómodo.)

## 🚫 El límite de velocidad del universo

Ahora la mala noticia: según la física actual, **nada con masa puede alcanzar la velocidad de la luz**. A medida que te acercas, tu masa efectiva aumenta y necesitarías **energía infinita** para continuar. Así que, a menos que inventemos *motores de curvatura*, *agujeros de gusano* o alguna falla cuántica, viajar a la velocidad de la luz sigue siendo una falacia — al menos por ahora.

## ⌛ Ejemplos reales (bastante modestos)

Ya hemos observado la dilatación del tiempo — pero no a escalas espectaculares. Los astronautas de la Estación Espacial Internacional, que orbitan la Tierra a unos 28.000 km/h, **envejecen un pelín más lento** que la gente en tierra. En seis meses, ganan aproximadamente **0,005 segundos** de “juventud”.

Así que técnicamente, ganan. Apenas.

## 🌌 Veredicto final: más curiosidad científica que receta antiedad

Si buscas la eterna juventud, la velocidad de la luz **no es tu rutina de belleza**. Pero como experimento mental que tuerce el tiempo, es fascinante. Puedes engañar al reloj — pero implica dejar tu vida atrás y volver a un mundo muy, muy diferente.

---

**TL;DR:** Viajar cerca de la velocidad de la luz ralentiza tu experiencia del tiempo respecto a otros, pero no te hace más joven. Es más un efecto relativista que un remedio milagroso. ¿Interesante? Sí. ¿Fuente de juventud? No tanto.

---

*Advertencia: No intentes alcanzar la velocidad de la luz en una furgoneta usada. Consulta a un físico antes de manipular el espacio‑tiempo.*"
